<?xml version="1.0" encoding="UTF-8"?>
<project-private xmlns="http://www.netbeans.org/ns/project-private/1">
    <data xmlns="http://www.netbeans.org/ns/make-project-private/1">
        <activeConfTypeElem>1</activeConfTypeElem>
        <activeConfIndexElem>0</activeConfIndexElem>
    </data>
    <editor-bookmarks xmlns="http://www.netbeans.org/ns/editor-bookmarks/2" lastBookmarkId="0"/>
    <open-files xmlns="http://www.netbeans.org/ns/projectui-open-files/2">
        <group>
            <file>file:/D:/Google%20Drive/School/Current%20Semester/CIS-17a/VillegasJoseph_CIS17A_46096.git/Homework/Villegas,%20Joseph%20-%20Last%20Review%20Hwrk-46096/Villegas,%20Joseph%20-%20Size%20of%20Shapes%20-%2046096/Villegas,%20Joseph%20-%20Size%20of%20Shapes%20-%2046096/main.cpp</file>
            <file>file:/D:/Google%20Drive/School/Current%20Semester/CIS-17a/VillegasJoseph_CIS17A_46096.git/Homework/Villegas,%20Joseph%20-%20Last%20Review%20Hwrk-46096/Villegas,%20Joseph%20-%20Size%20of%20Shapes%20-%2046096/Villegas,%20Joseph%20-%20Size%20of%20Shapes%20-%2046096/Makefile</file>
        </group>
    </open-files>
</project-private>
